channel,geography,platform,audience,period,spend_usd,new_members,clicks,impressions,cac_usd,ctr,previous_period_cac_usd
Affiliate,CA,Partner Network,Prospecting,first_30_days,8049.9800000000005,343,5282,216684,23.47,0.02438,
Affiliate,CA,Partner Network,Prospecting,last_30_days,8999.44,347,5595,217327,25.93,0.02574,23.47
Affiliate,CA,Partner Network,Retargeting,first_30_days,8398.19,501,5272,208384,16.76,0.0253,
Affiliate,CA,Partner Network,Retargeting,last_30_days,8351.17,482,5254,214397,17.33,0.02451,16.76
Affiliate,UK,Partner Network,Prospecting,first_30_days,8484.81,362,5337,210732,23.44,0.02533,
Affiliate,UK,Partner Network,Prospecting,last_30_days,8807.94,371,5635,225277,23.74,0.02501,23.44
Affiliate,UK,Partner Network,Retargeting,first_30_days,8294.94,474,5252,214796,17.5,0.02445,
Affiliate,UK,Partner Network,Retargeting,last_30_days,8292.07,468,5301,212045,17.72,0.025,17.5
Affiliate,US,Partner Network,Prospecting,first_30_days,9390.91,368,5927,233806,25.52,0.02535,
Affiliate,US,Partner Network,Prospecting,last_30_days,8959.67,380,5804,231530,23.58,0.02507,25.52
Affiliate,US,Partner Network,Retargeting,first_30_days,9367.41,534,5941,235645,17.54,0.02521,
Affiliate,US,Partner Network,Retargeting,last_30_days,7671.72,419,4834,195227,18.31,0.02476,17.54
Display,CA,Display Network,Prospecting,first_30_days,1187.81,24,1449,210618,49.49,0.00688,
Display,CA,Display Network,Prospecting,last_30_days,1291.1100000000001,39,1541,224770,33.11,0.00686,49.49
Display,CA,Display Network,Retargeting,first_30_days,1252.84,41,1473,212009,30.56,0.00695,
Display,CA,Display Network,Retargeting,last_30_days,1157.5,43,1405,205002,26.92,0.00685,30.56
Display,UK,Display Network,Prospecting,first_30_days,1284.94,20,1537,218785,64.25,0.00703,
Display,UK,Display Network,Prospecting,last_30_days,1399.99,30,1672,236433,46.67,0.00707,64.25
Display,UK,Display Network,Retargeting,first_30_days,1177.44,34,1409,198700,34.63,0.00709,
Display,UK,Display Network,Retargeting,last_30_days,1254.61,31,1503,219117,40.47,0.00686,34.63
Display,US,Display Network,Prospecting,first_30_days,1343.85,28,1619,234218,47.99,0.00691,
Display,US,Display Network,Prospecting,last_30_days,1212.83,19,1452,206142,63.83,0.00704,47.99
Display,US,Display Network,Retargeting,first_30_days,1211.47,42,1432,204788,28.84,0.00699,
Display,US,Display Network,Retargeting,last_30_days,1199.67,42,1433,206514,28.56,0.00694,28.84
Search,CA,Google Ads,Prospecting,first_30_days,14879.89,559,8085,224728,26.62,0.03598,
Search,CA,Google Ads,Prospecting,last_30_days,14364.8,600,7492,209590,23.94,0.03575,26.62
Search,CA,Google Ads,Retargeting,first_30_days,14714.95,709,7623,207909,20.75,0.03667,
Search,CA,Google Ads,Retargeting,last_30_days,14307.12,770,7514,208683,18.58,0.03601,20.75
Search,UK,Google Ads,Prospecting,first_30_days,14951.19,606,7676,212916,24.67,0.03605,
Search,UK,Google Ads,Prospecting,last_30_days,15063.95,593,7792,213327,25.4,0.03653,24.67
Search,UK,Google Ads,Retargeting,first_30_days,14751.11,762,7684,210085,19.36,0.03658,
Search,UK,Google Ads,Retargeting,last_30_days,15778.960000000001,836,8376,233850,18.87,0.03582,19.36
Search,US,Google Ads,Prospecting,first_30_days,14183.56,521,7421,209567,27.22,0.03541,
Search,US,Google Ads,Prospecting,last_30_days,15421.6,665,8287,229646,23.19,0.03609,27.22
Search,US,Google Ads,Retargeting,first_30_days,15437.74,887,8177,225036,17.4,0.03634,
Search,US,Google Ads,Retargeting,last_30_days,15982.89,824,8323,230009,19.4,0.03619,17.4
Social,CA,Meta Ads,Prospecting,first_30_days,4147.7,142,3656,206323,29.21,0.01772,
Social,CA,Meta Ads,Prospecting,last_30_days,4425.46,99,2731,221489,44.7,0.01233,29.21
Social,CA,Meta Ads,Retargeting,first_30_days,4276.06,193,3723,214739,22.16,0.01734,
Social,CA,Meta Ads,Retargeting,last_30_days,4915.2,212,4304,237457,23.18,0.01813,22.16
Social,UK,Meta Ads,Prospecting,first_30_days,4481.44,156,3918,222086,28.73,0.01764,
Social,UK,Meta Ads,Prospecting,last_30_days,3741.73,90,2299,190508,41.57,0.01207,28.73
Social,UK,Meta Ads,Retargeting,first_30_days,4079.13,197,3535,199128,20.71,0.01775,
Social,UK,Meta Ads,Retargeting,last_30_days,4428.4,184,3762,207853,24.07,0.0181,20.71
Social,US,Meta Ads,Prospecting,first_30_days,4726.61,169,4165,231378,27.97,0.018,
Social,US,Meta Ads,Prospecting,last_30_days,4423.63,95,2608,212833,46.56,0.01225,27.97
Social,US,Meta Ads,Retargeting,first_30_days,4669.5599999999995,242,4006,222773,19.3,0.01798,
Social,US,Meta Ads,Retargeting,last_30_days,4936.41,223,4300,233759,22.14,0.0184,19.3
