week,channel,spend_usd,new_members,cac_usd
2026-30,Affiliate,3096.17,163,18.99
2026-30,Display,456.0,10,45.6
2026-30,Search,5811.82,262,22.18
2026-30,Social,1922.16,87,22.09
2026-31,Affiliate,11600.01,570,20.35
2026-31,Display,1671.67,39,42.86
2026-31,Search,18887.44,884,21.37
2026-31,Social,5991.89,237,25.28
2026-32,Affiliate,12240.97,613,19.97
2026-32,Display,1794.51,52,34.51
2026-32,Search,22319.94,975,22.89
2026-32,Social,6053.7,244,24.81
2026-33,Affiliate,12367.23,594,20.82
2026-33,Display,1842.8,40,46.07
2026-33,Search,20387.16,951,21.44
2026-33,Social,6519.56,281,23.2
2026-34,Affiliate,12681.86,642,19.75
2026-34,Display,1693.37,48,35.28
2026-34,Search,21512.08,972,22.13
2026-34,Social,5893.19,250,23.57
2026-35,Affiliate,12101.31,579,20.9
2026-35,Display,1731.98,49,35.35
2026-35,Search,20838.15,968,21.53
2026-35,Social,6489.12,218,29.77
2026-36,Affiliate,12302.25,605,20.33
2026-36,Display,1593.48,44,36.22
2026-36,Search,21611.31,1000,21.61
2026-36,Social,6000.68,197,30.46
2026-37,Affiliate,12441.83,594,20.95
2026-37,Display,1985.16,44,45.12
2026-37,Search,22674.9,1058,21.43
2026-37,Social,6372.6900000000005,224,28.45
2026-38,Affiliate,11517.71,549,20.98
2026-38,Display,1650.44,52,31.74
2026-38,Search,19612.5,991,19.79
2026-38,Social,6244.57,207,30.17
2026-39,Affiliate,2718.91,140,19.42
2026-39,Display,554.65,15,36.98
2026-39,Search,6182.46,271,22.81
2026-39,Social,1763.77,57,30.94
